index,batch,collection,title,type,file
1,01,微言小谈,永遇乐·长夜,background,backgrounds/batch_01/01_永遇乐·长夜.png
1,01,微言小谈,永遇乐·长夜,poster,posters/batch_01/01_永遇乐·长夜.png
2,01,微言小谈,春景,background,backgrounds/batch_01/02_春景.png
2,01,微言小谈,春景,poster,posters/batch_01/02_春景.png
3,01,微言小谈,地狱变,background,backgrounds/batch_01/03_地狱变.png
3,01,微言小谈,地狱变,poster,posters/batch_01/03_地狱变.png
4,01,微言小谈,潮生灭,background,backgrounds/batch_01/04_潮生灭.png
4,01,微言小谈,潮生灭,poster,posters/batch_01/04_潮生灭.png
5,01,乱章杂句,梦留,background,backgrounds/batch_01/05_梦留.png
5,01,乱章杂句,梦留,poster,posters/batch_01/05_梦留.png
6,01,乱章杂句,白鸟,background,backgrounds/batch_01/06_白鸟.png
6,01,乱章杂句,白鸟,poster,posters/batch_01/06_白鸟.png
7,01,乱章杂句,葬婚,background,backgrounds/batch_01/07_葬婚.png
7,01,乱章杂句,葬婚,poster,posters/batch_01/07_葬婚.png
8,01,未成曲调,飞鱼与鸟,background,backgrounds/batch_01/08_飞鱼与鸟.png
8,01,未成曲调,飞鱼与鸟,poster,posters/batch_01/08_飞鱼与鸟.png
9,01,未成曲调,海市蜃楼,background,backgrounds/batch_01/09_海市蜃楼.png
9,01,未成曲调,海市蜃楼,poster,posters/batch_01/09_海市蜃楼.png
10,01,未成曲调,陵墓,background,backgrounds/batch_01/10_陵墓.png
10,01,未成曲调,陵墓,poster,posters/batch_01/10_陵墓.png
11,02,微言小谈,清平乐·记春,background,backgrounds/batch_02/11_清平乐·记春.png
11,02,微言小谈,清平乐·记春,poster,posters/batch_02/11_清平乐·记春.png
12,02,微言小谈,少游,background,backgrounds/batch_02/12_少游.png
12,02,微言小谈,少游,poster,posters/batch_02/12_少游.png
13,02,微言小谈,海,background,backgrounds/batch_02/13_海.png
13,02,微言小谈,海,poster,posters/batch_02/13_海.png
14,02,微言小谈,雨鸿,background,backgrounds/batch_02/14_雨鸿.png
14,02,微言小谈,雨鸿,poster,posters/batch_02/14_雨鸿.png
15,02,乱章杂句,告别,background,backgrounds/batch_02/15_告别.png
15,02,乱章杂句,告别,poster,posters/batch_02/15_告别.png
16,02,乱章杂句,浓酒,background,backgrounds/batch_02/16_浓酒.png
16,02,乱章杂句,浓酒,poster,posters/batch_02/16_浓酒.png
17,02,乱章杂句,夏秋冬,background,backgrounds/batch_02/17_夏秋冬.png
17,02,乱章杂句,夏秋冬,poster,posters/batch_02/17_夏秋冬.png
18,02,未成曲调,花与鱼,background,backgrounds/batch_02/18_花与鱼.png
18,02,未成曲调,花与鱼,poster,posters/batch_02/18_花与鱼.png
19,02,未成曲调,白非白,background,backgrounds/batch_02/19_白非白.png
19,02,未成曲调,白非白,poster,posters/batch_02/19_白非白.png
20,02,未成曲调,烟蝶,background,backgrounds/batch_02/20_烟蝶.png
20,02,未成曲调,烟蝶,poster,posters/batch_02/20_烟蝶.png
21,03,微言小谈,青玉案·自嘲,background,backgrounds/batch_03/21_青玉案·自嘲.png
21,03,微言小谈,青玉案·自嘲,poster,posters/batch_03/21_青玉案·自嘲.png
22,03,微言小谈,记梦,background,backgrounds/batch_03/22_记梦.png
22,03,微言小谈,记梦,poster,posters/batch_03/22_记梦.png
23,03,微言小谈,无鸟归巢,background,backgrounds/batch_03/23_无鸟归巢.png
23,03,微言小谈,无鸟归巢,poster,posters/batch_03/23_无鸟归巢.png
24,03,乱章杂句,他的她,background,backgrounds/batch_03/24_他的她.png
24,03,乱章杂句,他的她,poster,posters/batch_03/24_他的她.png
25,03,乱章杂句,没了从前,background,backgrounds/batch_03/25_没了从前.png
25,03,乱章杂句,没了从前,poster,posters/batch_03/25_没了从前.png
26,03,乱章杂句,爱过错过,background,backgrounds/batch_03/26_爱过错过.png
26,03,乱章杂句,爱过错过,poster,posters/batch_03/26_爱过错过.png
27,03,未成曲调,掩葬咏叹调,background,backgrounds/batch_03/27_掩葬咏叹调.png
27,03,未成曲调,掩葬咏叹调,poster,posters/batch_03/27_掩葬咏叹调.png
28,03,未成曲调,灵婚,background,backgrounds/batch_03/28_灵婚.png
28,03,未成曲调,灵婚,poster,posters/batch_03/28_灵婚.png
29,03,未成曲调,人皮兽,background,backgrounds/batch_03/29_人皮兽.png
29,03,未成曲调,人皮兽,poster,posters/batch_03/29_人皮兽.png
30,03,未成曲调,谁的城堡,background,backgrounds/batch_03/30_谁的城堡.png
30,03,未成曲调,谁的城堡,poster,posters/batch_03/30_谁的城堡.png
31,04,微言小谈,一络索·微言,background,backgrounds/batch_04/31_一络索·微言.png
31,04,微言小谈,一络索·微言,poster,posters/batch_04/31_一络索·微言.png
32,04,微言小谈,太常引·吴宫,background,backgrounds/batch_04/32_太常引·吴宫.png
32,04,微言小谈,太常引·吴宫,poster,posters/batch_04/32_太常引·吴宫.png
33,04,微言小谈,水龙吟·吴钩,background,backgrounds/batch_04/33_水龙吟·吴钩.png
33,04,微言小谈,水龙吟·吴钩,poster,posters/batch_04/33_水龙吟·吴钩.png
34,04,微言小谈,谪仙吟,background,backgrounds/batch_04/34_谪仙吟.png
34,04,微言小谈,谪仙吟,poster,posters/batch_04/34_谪仙吟.png
35,04,微言小谈,钗头凤·暮春,background,backgrounds/batch_04/35_钗头凤·暮春.png
35,04,微言小谈,钗头凤·暮春,poster,posters/batch_04/35_钗头凤·暮春.png
36,04,未成曲调,一杯热茶,background,backgrounds/batch_04/36_一杯热茶.png
36,04,未成曲调,一杯热茶,poster,posters/batch_04/36_一杯热茶.png
37,04,未成曲调,两狼,background,backgrounds/batch_04/37_两狼.png
37,04,未成曲调,两狼,poster,posters/batch_04/37_两狼.png
38,04,未成曲调,楞次定律,background,backgrounds/batch_04/38_楞次定律.png
38,04,未成曲调,楞次定律,poster,posters/batch_04/38_楞次定律.png
39,04,未成曲调,笼,background,backgrounds/batch_04/39_笼.png
39,04,未成曲调,笼,poster,posters/batch_04/39_笼.png
40,04,未成曲调,花琥珀,background,backgrounds/batch_04/40_花琥珀.png
40,04,未成曲调,花琥珀,poster,posters/batch_04/40_花琥珀.png
41,05,微言小谈,偶感其一,background,backgrounds/batch_05/41_偶感其一.png
41,05,微言小谈,偶感其一,poster,posters/batch_05/41_偶感其一.png
42,05,微言小谈,偶感其二,background,backgrounds/batch_05/42_偶感其二.png
42,05,微言小谈,偶感其二,poster,posters/batch_05/42_偶感其二.png
43,05,微言小谈,元宵,background,backgrounds/batch_05/43_元宵.png
43,05,微言小谈,元宵,poster,posters/batch_05/43_元宵.png
44,05,微言小谈,兰陵王·戏说戏讽,background,backgrounds/batch_05/44_兰陵王·戏说戏讽.png
44,05,微言小谈,兰陵王·戏说戏讽,poster,posters/batch_05/44_兰陵王·戏说戏讽.png
45,05,微言小谈,冬时还秋,background,backgrounds/batch_05/45_冬时还秋.png
45,05,微言小谈,冬时还秋,poster,posters/batch_05/45_冬时还秋.png
46,05,未成曲调,何以西东,background,backgrounds/batch_05/46_何以西东.png
46,05,未成曲调,何以西东,poster,posters/batch_05/46_何以西东.png
47,05,未成曲调,你我不说,background,backgrounds/batch_05/47_你我不说.png
47,05,未成曲调,你我不说,poster,posters/batch_05/47_你我不说.png
48,05,未成曲调,刻舟求剑,background,backgrounds/batch_05/48_刻舟求剑.png
48,05,未成曲调,刻舟求剑,poster,posters/batch_05/48_刻舟求剑.png
49,05,未成曲调,十七十五,background,backgrounds/batch_05/49_十七十五.png
49,05,未成曲调,十七十五,poster,posters/batch_05/49_十七十五.png
50,05,未成曲调,千杯,background,backgrounds/batch_05/50_千杯.png
50,05,未成曲调,千杯,poster,posters/batch_05/50_千杯.png
51,06,微言小谈,南乡子·讽人,background,backgrounds/batch_06/51_南乡子·讽人.png
51,06,微言小谈,南乡子·讽人,poster,posters/batch_06/51_南乡子·讽人.png
52,06,微言小谈,子夜歌·微言,background,backgrounds/batch_06/52_子夜歌·微言.png
52,06,微言小谈,子夜歌·微言,poster,posters/batch_06/52_子夜歌·微言.png
53,06,微言小谈,微言小谈,background,backgrounds/batch_06/53_微言小谈.png
53,06,微言小谈,微言小谈,poster,posters/batch_06/53_微言小谈.png
54,06,微言小谈,暮尽辉·夏夜悲父,background,backgrounds/batch_06/54_暮尽辉·夏夜悲父.png
54,06,微言小谈,暮尽辉·夏夜悲父,poster,posters/batch_06/54_暮尽辉·夏夜悲父.png
55,06,微言小谈,望山引,background,backgrounds/batch_06/55_望山引.png
55,06,微言小谈,望山引,poster,posters/batch_06/55_望山引.png
56,06,未成曲调,因果,background,backgrounds/batch_06/56_因果.png
56,06,未成曲调,因果,poster,posters/batch_06/56_因果.png
57,06,未成曲调,天与海,background,backgrounds/batch_06/57_天与海.png
57,06,未成曲调,天与海,poster,posters/batch_06/57_天与海.png
58,06,未成曲调,婚礼,background,backgrounds/batch_06/58_婚礼.png
58,06,未成曲调,婚礼,poster,posters/batch_06/58_婚礼.png
59,06,未成曲调,家族,background,backgrounds/batch_06/59_家族.png
59,06,未成曲调,家族,poster,posters/batch_06/59_家族.png
60,06,未成曲调,幻灭,background,backgrounds/batch_06/60_幻灭.png
60,06,未成曲调,幻灭,poster,posters/batch_06/60_幻灭.png
61,07,微言小谈,无题（同作）,background,backgrounds/batch_07/61_无题（同作）.png
61,07,微言小谈,无题（同作）,poster,posters/batch_07/61_无题（同作）.png
62,07,微言小谈,浪淘沙·微言,background,backgrounds/batch_07/62_浪淘沙·微言.png
62,07,微言小谈,浪淘沙·微言,poster,posters/batch_07/62_浪淘沙·微言.png
63,07,微言小谈,瑞鹤仙·贺寿,background,backgrounds/batch_07/63_瑞鹤仙·贺寿.png
63,07,微言小谈,瑞鹤仙·贺寿,poster,posters/batch_07/63_瑞鹤仙·贺寿.png
64,07,微言小谈,相见欢·微言,background,backgrounds/batch_07/64_相见欢·微言.png
64,07,微言小谈,相见欢·微言,poster,posters/batch_07/64_相见欢·微言.png
65,07,微言小谈,祝流年,background,backgrounds/batch_07/65_祝流年.png
65,07,微言小谈,祝流年,poster,posters/batch_07/65_祝流年.png
66,07,未成曲调,怨央,background,backgrounds/batch_07/66_怨央.png
66,07,未成曲调,怨央,poster,posters/batch_07/66_怨央.png
67,07,未成曲调,恍烟煌艳,background,backgrounds/batch_07/67_恍烟煌艳.png
67,07,未成曲调,恍烟煌艳,poster,posters/batch_07/67_恍烟煌艳.png
68,07,未成曲调,悔否,background,backgrounds/batch_07/68_悔否.png
68,07,未成曲调,悔否,poster,posters/batch_07/68_悔否.png
69,07,未成曲调,我是黑,background,backgrounds/batch_07/69_我是黑.png
69,07,未成曲调,我是黑,poster,posters/batch_07/69_我是黑.png
70,07,未成曲调,波纹,background,backgrounds/batch_07/70_波纹.png
70,07,未成曲调,波纹,poster,posters/batch_07/70_波纹.png
71,08,微言小谈,腊月十六午间有感,background,backgrounds/batch_08/71_腊月十六午间有感.png
71,08,微言小谈,腊月十六午间有感,poster,posters/batch_08/71_腊月十六午间有感.png
72,08,微言小谈,贺新郎·春瘦,background,backgrounds/batch_08/72_贺新郎·春瘦.png
72,08,微言小谈,贺新郎·春瘦,poster,posters/batch_08/72_贺新郎·春瘦.png
73,08,微言小谈,采桑子·微言,background,backgrounds/batch_08/73_采桑子·微言.png
73,08,微言小谈,采桑子·微言,poster,posters/batch_08/73_采桑子·微言.png
74,08,微言小谈,重游,background,backgrounds/batch_08/74_重游.png
74,08,微言小谈,重游,poster,posters/batch_08/74_重游.png
75,08,微言小谈,野尽,background,backgrounds/batch_08/75_野尽.png
75,08,微言小谈,野尽,poster,posters/batch_08/75_野尽.png
76,08,微言小谈,阮郎归·微言,background,backgrounds/batch_08/76_阮郎归·微言.png
76,08,微言小谈,阮郎归·微言,poster,posters/batch_08/76_阮郎归·微言.png
77,08,微言小谈,除夕,background,backgrounds/batch_08/77_除夕.png
77,08,微言小谈,除夕,poster,posters/batch_08/77_除夕.png
78,08,微言小谈,鹧鸪天·花醉,background,backgrounds/batch_08/78_鹧鸪天·花醉.png
78,08,微言小谈,鹧鸪天·花醉,poster,posters/batch_08/78_鹧鸪天·花醉.png
79,08,未成曲调,是谁,background,backgrounds/batch_08/79_是谁.png
79,08,未成曲调,是谁,poster,posters/batch_08/79_是谁.png
80,08,未成曲调,梦一场,background,backgrounds/batch_08/80_梦一场.png
80,08,未成曲调,梦一场,poster,posters/batch_08/80_梦一场.png
81,09,未成曲调,爱与不被爱,background,backgrounds/batch_09/81_爱与不被爱.png
81,09,未成曲调,爱与不被爱,poster,posters/batch_09/81_爱与不被爱.png
82,09,未成曲调,狂想曲,background,backgrounds/batch_09/82_狂想曲.png
82,09,未成曲调,狂想曲,poster,posters/batch_09/82_狂想曲.png
83,09,未成曲调,环锁赌徒,background,backgrounds/batch_09/83_环锁赌徒.png
83,09,未成曲调,环锁赌徒,poster,posters/batch_09/83_环锁赌徒.png
84,09,未成曲调,瓜熟蒂落,background,backgrounds/batch_09/84_瓜熟蒂落.png
84,09,未成曲调,瓜熟蒂落,poster,posters/batch_09/84_瓜熟蒂落.png
85,09,未成曲调,画,background,backgrounds/batch_09/85_画.png
85,09,未成曲调,画,poster,posters/batch_09/85_画.png
86,09,未成曲调,白马,background,backgrounds/batch_09/86_白马.png
86,09,未成曲调,白马,poster,posters/batch_09/86_白马.png
87,09,未成曲调,神话,background,backgrounds/batch_09/87_神话.png
87,09,未成曲调,神话,poster,posters/batch_09/87_神话.png
88,09,未成曲调,等待,background,backgrounds/batch_09/88_等待.png
88,09,未成曲调,等待,poster,posters/batch_09/88_等待.png
89,09,未成曲调,精神胜利法,background,backgrounds/batch_09/89_精神胜利法.png
89,09,未成曲调,精神胜利法,poster,posters/batch_09/89_精神胜利法.png
90,09,未成曲调,肩上的世界,background,backgrounds/batch_09/90_肩上的世界.png
90,09,未成曲调,肩上的世界,poster,posters/batch_09/90_肩上的世界.png
91,10,未成曲调,那时,background,backgrounds/batch_10/91_那时.png
91,10,未成曲调,那时,poster,posters/batch_10/91_那时.png
92,10,未成曲调,镇魔,background,backgrounds/batch_10/92_镇魔.png
92,10,未成曲调,镇魔,poster,posters/batch_10/92_镇魔.png
93,10,未成曲调,见,background,backgrounds/batch_10/93_见.png
93,10,未成曲调,见,poster,posters/batch_10/93_见.png
94,10,未成曲调,被害妄想症,background,backgrounds/batch_10/94_被害妄想症.png
94,10,未成曲调,被害妄想症,poster,posters/batch_10/94_被害妄想症.png
95,10,未成曲调,藏垢,background,backgrounds/batch_10/95_藏垢.png
95,10,未成曲调,藏垢,poster,posters/batch_10/95_藏垢.png
96,10,未成曲调,行,background,backgrounds/batch_10/96_行.png
96,10,未成曲调,行,poster,posters/batch_10/96_行.png
97,10,未成曲调,野兽,background,backgrounds/batch_10/97_野兽.png
97,10,未成曲调,野兽,poster,posters/batch_10/97_野兽.png
