index,title,collection,type,file,width,height,orientation,orientation_ok,sha256,bytes,status
1,永遇乐·长夜,微言小谈,background,backgrounds/batch_01/01_永遇乐·长夜.png,1672,941,landscape,True,19bf3903b38db5d4790f9037dd4d70d7b12ca4e3cf44671015c717e407f3d18c,2250664,OK
1,永遇乐·长夜,微言小谈,poster,posters/batch_01/01_永遇乐·长夜.png,307,512,portrait,True,3fdecd9fe71d40a9233c6389e9c8bf2518d548119f0ed2d58f49e90f664766c2,249510,OK
2,春景,微言小谈,background,backgrounds/batch_01/02_春景.png,1672,941,landscape,True,a61fb059d20b3b7affc3344046424297c6cfeed71dfb6032065d311a7bf8f860,2618383,OK
2,春景,微言小谈,poster,posters/batch_01/02_春景.png,307,512,portrait,True,58e0ba31a4ecbd6af1966ebb579b6b3ecc81a8c687712ca92543a75f30612f35,286035,OK
3,地狱变,微言小谈,background,backgrounds/batch_01/03_地狱变.png,1672,941,landscape,True,ff2b80aa615b15f2cb627f0502652d5937d67d6cea1843844a8a684381b437e7,2325936,OK
3,地狱变,微言小谈,poster,posters/batch_01/03_地狱变.png,308,512,portrait,True,24ad386c03b339901877e2a5cfbe12bbd42a6a6340179e81c5daf7264cc6917c,223264,OK
4,潮生灭,微言小谈,background,backgrounds/batch_01/04_潮生灭.png,1672,941,landscape,True,a2ea50004af796b95bd5baae7ef6d863e72048c6237525dd23082663f46bf030,2186973,OK
4,潮生灭,微言小谈,poster,posters/batch_01/04_潮生灭.png,307,512,portrait,True,a29c97c496fcd5b2af59a3c211fe37a90936e45f2426583501d9c25d176caa29,212909,OK
5,梦留,乱章杂句,background,backgrounds/batch_01/05_梦留.png,1672,941,landscape,True,4fc2396f5bf6468fb74d86f4020bdfb219020b456c93f130b3682d27d09800de,2196983,OK
5,梦留,乱章杂句,poster,posters/batch_01/05_梦留.png,307,512,portrait,True,bdd9aa7d31978e4fac99c8bc3f0517f15e89d57fa1f8e4d93c4aaca2bae66927,249957,OK
6,白鸟,乱章杂句,background,backgrounds/batch_01/06_白鸟.png,1672,941,landscape,True,4781fac4b8a50d97de6aa675b98de707526cebba03f6427df9720ce3e1b76cc4,2343995,OK
6,白鸟,乱章杂句,poster,posters/batch_01/06_白鸟.png,307,512,portrait,True,d9e8de0576878ce237f71544a7fef2b30578a6b99ccd5ca28da34375c293cbc6,223031,OK
7,葬婚,乱章杂句,background,backgrounds/batch_01/07_葬婚.png,1672,941,landscape,True,954aa742814b67b659cf229818b90cb5b3a93fa945d9ec17cd95861fda9c6737,2195864,OK
7,葬婚,乱章杂句,poster,posters/batch_01/07_葬婚.png,307,512,portrait,True,bd202f126cf1d7bcba3f58c510c53e350cf05ae2b6a7db7aa05617af63765a7d,269946,OK
8,飞鱼与鸟,未成曲调,background,backgrounds/batch_01/08_飞鱼与鸟.png,1672,941,landscape,True,0dd17a09994ab647193e84c001e236626c5acee8a099d3d749dcbef39869454d,2116430,OK
8,飞鱼与鸟,未成曲调,poster,posters/batch_01/08_飞鱼与鸟.png,308,512,portrait,True,1476272adbf5cb33252efb3b371ade945317919cc0e24105b8b0f9bd74bfb493,225106,OK
9,海市蜃楼,未成曲调,background,backgrounds/batch_01/09_海市蜃楼.png,1672,941,landscape,True,188388514ae70a26f59801eed67d3435e47fedfbcc686b912e039fb1944a4fa0,2361284,OK
9,海市蜃楼,未成曲调,poster,posters/batch_01/09_海市蜃楼.png,307,512,portrait,True,56dbd3c56052965474cc1a6035fc7f97c86cf508ec57706f6d9821cb39e20a18,220456,OK
10,陵墓,未成曲调,background,backgrounds/batch_01/10_陵墓.png,1672,941,landscape,True,cd081bc4e4e1e3ed7bddbb09e51910a0228c9c8d7eab775a7b71a2970ab99c22,2322811,OK
10,陵墓,未成曲调,poster,posters/batch_01/10_陵墓.png,307,512,portrait,True,3387f199ed2a9d9c0e45e63e662a8a9b97e9bd26e27a998f25f903c65d9ee045,278161,OK
11,清平乐·记春,微言小谈,background,backgrounds/batch_02/11_清平乐·记春.png,1672,941,landscape,True,65afe207104c4dded2df2f0d30445e095e2c5a90ec6682730cf2b2deea283806,2596737,OK
11,清平乐·记春,微言小谈,poster,posters/batch_02/11_清平乐·记春.png,853,1200,portrait,True,6dfe584e1a6ba4db2539ec5de8e8bf8722ded38a1389fb94539508a3ac1cc1de,1409073,OK
12,少游,微言小谈,background,backgrounds/batch_02/12_少游.png,1672,941,landscape,True,eed67bf9c0849a77932e9582c6b369728f7a8af9902724a761621c2bff3ab7c3,2456020,OK
12,少游,微言小谈,poster,posters/batch_02/12_少游.png,855,1200,portrait,True,018c2b3749df6c8a3d041db20445d182e0ead5965cda304c8a7e74fc96751cdf,1314729,OK
13,海,微言小谈,background,backgrounds/batch_02/13_海.png,1672,941,landscape,True,87f7bc7993c4cb1a52e3268bb5779e11baf397cb6fce26b4216d9a12843d213c,2309951,OK
13,海,微言小谈,poster,posters/batch_02/13_海.png,853,1200,portrait,True,820122a4ed629d01d573533ac5a94d13606ba7da9f3a9f09dc9c202660ee9b95,1257801,OK
14,雨鸿,微言小谈,background,backgrounds/batch_02/14_雨鸿.png,1672,941,landscape,True,cd30a04e023e13fe850749fd65c16a7034ddedd0f8fe682ab1fa1902f7b0dd1a,2313790,OK
14,雨鸿,微言小谈,poster,posters/batch_02/14_雨鸿.png,855,1200,portrait,True,765714187fcc5feb0acbffea6d3f05bbb0ac0ae2115862b721fdf25df32e1f0b,1217952,OK
15,告别,乱章杂句,background,backgrounds/batch_02/15_告别.png,1672,941,landscape,True,2d0b4791d36cec616beef994cc75a68fc2077a46af122827f239b588c485678e,2459082,OK
15,告别,乱章杂句,poster,posters/batch_02/15_告别.png,853,1200,portrait,True,eeeb35c213570bef446aec245dcb8dae782c2638a6f7b8a02e389aeeb58c2d01,1121939,OK
16,浓酒,乱章杂句,background,backgrounds/batch_02/16_浓酒.png,1672,941,landscape,True,0814a7fda3f4fde0c9bcf5047716e884a0cf7c746088d62b0a30b50b8e3c7359,2141094,OK
16,浓酒,乱章杂句,poster,posters/batch_02/16_浓酒.png,851,1200,portrait,True,f22189148ff1cdae194ad75be9404e03840f184a404688bb7edb10310aaba014,1024004,OK
17,夏秋冬,乱章杂句,background,backgrounds/batch_02/17_夏秋冬.png,1672,941,landscape,True,ab8f0daddeb35985e26d7bbc020bb75c7d86d62ab5d33237f514ccf8d60a74e0,2470590,OK
17,夏秋冬,乱章杂句,poster,posters/batch_02/17_夏秋冬.png,854,1200,portrait,True,b784375b3dd74db6b0d9b81c6436b93d7373bce15488e4a1b4c26161ce982825,1477708,OK
18,花与鱼,未成曲调,background,backgrounds/batch_02/18_花与鱼.png,1672,941,landscape,True,77f34c943cc6e6859b190edde899aac82bf55394f43d36d6092ac3992fd87a2a,2215643,OK
18,花与鱼,未成曲调,poster,posters/batch_02/18_花与鱼.png,851,1200,portrait,True,668f6743c83ab217ce6947416a6eb6d23d9cc07c8b66236e55133c9649372b5a,1188947,OK
19,白非白,未成曲调,background,backgrounds/batch_02/19_白非白.png,1672,941,landscape,True,7666e5096366f12c8fb1fa9f36feaf54ebc2a621862c54583f59a38f212ea920,2316827,OK
19,白非白,未成曲调,poster,posters/batch_02/19_白非白.png,854,1200,portrait,True,68cef50705c3a67fe9c511635db88aca7c83b79c6fd9a2aa970cb46b6e5f785f,1066943,OK
20,烟蝶,未成曲调,background,backgrounds/batch_02/20_烟蝶.png,1672,941,landscape,True,7d37b1a04d705b21db6b167fcb2468baa56a5feba2270a76e10d8203e687d0d3,2303252,OK
20,烟蝶,未成曲调,poster,posters/batch_02/20_烟蝶.png,851,1200,portrait,True,d0128be9fa7bff91e3755de967f23ec47c5298c2fc0628048e44a2345979f573,1017546,OK
21,青玉案·自嘲,微言小谈,background,backgrounds/batch_03/21_青玉案·自嘲.png,1672,941,landscape,True,a198c2c2a6bd9dcb66c06419af962681e2a1f89468bb63dbe928f296eda7fefe,2167479,OK
21,青玉案·自嘲,微言小谈,poster,posters/batch_03/21_青玉案·自嘲.png,1086,1448,portrait,True,760739e0ba16a841077c49a40d23eb62178b03e95ec3c093911ad27a1776ab4b,2370219,OK
22,记梦,微言小谈,background,backgrounds/batch_03/22_记梦.png,1672,941,landscape,True,99a66f8cad1cbba992f674272b97d36b4b42132e0d41a554ec8d3ac04f682998,2349497,OK
22,记梦,微言小谈,poster,posters/batch_03/22_记梦.png,1086,1448,portrait,True,96ca4eeb07083d726e2f28eca40234853e67ecca891a470de351c1029c561b28,2596037,OK
23,无鸟归巢,微言小谈,background,backgrounds/batch_03/23_无鸟归巢.png,1672,941,landscape,True,b533369fe7424e90853e61fc1e311b50a0b58f596b7687705e3e1b643b016e25,1978242,OK
23,无鸟归巢,微言小谈,poster,posters/batch_03/23_无鸟归巢.png,1086,1448,portrait,True,c6fd2ec3036c8025d8e0d220c0993620fb20b53ceea2949b0cc59ec105ba5eec,1936874,OK
24,他的她,乱章杂句,background,backgrounds/batch_03/24_他的她.png,1672,941,landscape,True,b079a29e0c927ea15affa421583d40233cdf4111028c3a09a0b5c53d65152c74,2071716,OK
24,他的她,乱章杂句,poster,posters/batch_03/24_他的她.png,1086,1448,portrait,True,4bf98d918b47f097b555d6f8bcdf28fe4b29599a32870b934e03c8a9bd911a35,2348943,OK
25,没了从前,乱章杂句,background,backgrounds/batch_03/25_没了从前.png,1672,941,landscape,True,2c001578828da9085aa50754ad9ed2a9893dbdb40fa927816b3bf2bd85f2d67b,1692018,OK
25,没了从前,乱章杂句,poster,posters/batch_03/25_没了从前.png,1086,1448,portrait,True,6c498a9837326affdc37d6cec0639b03354b0e5ffae237b2076b448cd5ee15ad,2189298,OK
26,爱过错过,乱章杂句,background,backgrounds/batch_03/26_爱过错过.png,1672,941,landscape,True,dca8bfa971359fd3a22d375ca4bab8e17af67623fc971afd77797f141c8c3de3,1892690,OK
26,爱过错过,乱章杂句,poster,posters/batch_03/26_爱过错过.png,1086,1448,portrait,True,d6b6a52837f0f9ae048dc596a4721a2a43ea0f14bdff629d8ba754ef55af273a,1934796,OK
27,掩葬咏叹调,未成曲调,background,backgrounds/batch_03/27_掩葬咏叹调.png,1672,941,landscape,True,65646a0e7d29b5687562e641f59cdbd535733e43564e61c9031094dc36de9510,2148694,OK
27,掩葬咏叹调,未成曲调,poster,posters/batch_03/27_掩葬咏叹调.png,1086,1448,portrait,True,f4477f620421adf45f0e94f2aa7ca3cb3f6409b1257137b85da1757e6c4f8ca4,2524000,OK
28,灵婚,未成曲调,background,backgrounds/batch_03/28_灵婚.png,1672,941,landscape,True,1adda677095a52f6b94ac3a4af0c82fa29e14e49b48c9e36ed163349291918c8,2205706,OK
28,灵婚,未成曲调,poster,posters/batch_03/28_灵婚.png,1086,1448,portrait,True,492f4f38de3f97f63d2cc45fba7620591133ee156f0a5a0eed73d93be0b1fa0b,2290294,OK
29,人皮兽,未成曲调,background,backgrounds/batch_03/29_人皮兽.png,1672,941,landscape,True,bef60987ce437772f2dfe8d71b0941146601d12c17459116d286cc86f8e5bb15,1954590,OK
29,人皮兽,未成曲调,poster,posters/batch_03/29_人皮兽.png,1086,1448,portrait,True,e147b9115d5dd95ac7bcf22b9a6101f1951664aba93ff23a5362043cb9f845d3,2229743,OK
30,谁的城堡,未成曲调,background,backgrounds/batch_03/30_谁的城堡.png,1672,941,landscape,True,e9f5957322c8796d78fa101eaba2508ffe94d9afddd6ad73d1252f857888b6ad,2309755,OK
30,谁的城堡,未成曲调,poster,posters/batch_03/30_谁的城堡.png,1086,1448,portrait,True,efdf50e9354c70d8bce1172ed30f62218f143b9d5d55c3d756a8fc2457e4eaec,2699088,OK
31,一络索·微言,微言小谈,background,backgrounds/batch_04/31_一络索·微言.png,1672,941,landscape,True,f8d5f1ee8b2298cd2dc5dcea352b51e64abe03f9193dd35f1d8d53a788ceb436,2093002,OK
31,一络索·微言,微言小谈,poster,posters/batch_04/31_一络索·微言.png,1086,1448,portrait,True,4c0011b1fb6c2a9353ad1225b4d1bfdb3d17abecdd7059bf19eca42453bd7801,1838102,OK
32,太常引·吴宫,微言小谈,background,backgrounds/batch_04/32_太常引·吴宫.png,1672,941,landscape,True,db17874babcf364645f8fff1c00bbc36e9ef933a9ccd166b5c2349aeaa1b3023,2447311,OK
32,太常引·吴宫,微言小谈,poster,posters/batch_04/32_太常引·吴宫.png,1086,1448,portrait,True,a1f4541c807d9fe866088f6e4d3dc65c57ca8a991c165681890eb373c6669cdf,2545735,OK
33,水龙吟·吴钩,微言小谈,background,backgrounds/batch_04/33_水龙吟·吴钩.png,1672,941,landscape,True,6222c4a4444fae5efc1824ab7ea67a7b7e49344d0ca3e7c51913f66c45fb7ce9,2599394,OK
33,水龙吟·吴钩,微言小谈,poster,posters/batch_04/33_水龙吟·吴钩.png,1086,1448,portrait,True,bb5036494b0e1c17651c5864c5a201abb7dec1646140121f2585b9dcbc3b302d,2412503,OK
34,谪仙吟,微言小谈,background,backgrounds/batch_04/34_谪仙吟.png,1672,941,landscape,True,00faddadcdbc07ffa70524a8c924fb3365674e5be2a11f5338492475b5f75040,2352322,OK
34,谪仙吟,微言小谈,poster,posters/batch_04/34_谪仙吟.png,1086,1448,portrait,True,bd0464480982ea6030525fc5285e6efd1f7f0951cbe1ec2be44a905d70ae789b,2388703,OK
35,钗头凤·暮春,微言小谈,background,backgrounds/batch_04/35_钗头凤·暮春.png,1672,941,landscape,True,ee6cb1e7a62430f367c57593718d9b789f4b6396499cbc47489444ae4e84cee9,2309749,OK
35,钗头凤·暮春,微言小谈,poster,posters/batch_04/35_钗头凤·暮春.png,1086,1448,portrait,True,1500589497cbe08bf1fb533c3bc896db68345e35ee94fce5f44bc25e1cd04898,2134553,OK
36,一杯热茶,未成曲调,background,backgrounds/batch_04/36_一杯热茶.png,1672,941,landscape,True,372faab11cfe68a44f7046511f3d2e0f90a50ee40a2abe567c182619fc4346d4,1948020,OK
36,一杯热茶,未成曲调,poster,posters/batch_04/36_一杯热茶.png,1086,1448,portrait,True,d8c9b7b315f9a805418e8e034c8915bc4649354753b5319c37d4e371cc2fb893,2468479,OK
37,两狼,未成曲调,background,backgrounds/batch_04/37_两狼.png,1672,941,landscape,True,707089214f3e7ba655cac64ce32e58e12e7432a8bee568cec6cea1a779decb19,2204972,OK
37,两狼,未成曲调,poster,posters/batch_04/37_两狼.png,1086,1448,portrait,True,abddbed204149d51a3cc9467073be911cee1c91ec29515768ec5df8e8194ef69,2551145,OK
38,楞次定律,未成曲调,background,backgrounds/batch_04/38_楞次定律.png,1672,941,landscape,True,b20f0f6bd2e6def5e358e2105cb07d89d2d5c1919b38d350f293558e1964e49d,2021564,OK
38,楞次定律,未成曲调,poster,posters/batch_04/38_楞次定律.png,1086,1448,portrait,True,534d48d5e0d7aaf7c0f61756590a72ed2b3924c2a43a0170f2a6b58a3f3df469,2017767,OK
39,笼,未成曲调,background,backgrounds/batch_04/39_笼.png,1672,941,landscape,True,d943ec306a7f82242a2bba93ee96e2f88ae26c69399b0b11d9a661fa22e70b1b,2084199,OK
39,笼,未成曲调,poster,posters/batch_04/39_笼.png,1086,1448,portrait,True,3f59c76c321b32286dc9c42158f7860992699f158c13e5583f8ce258ea91daf2,2041841,OK
40,花琥珀,未成曲调,background,backgrounds/batch_04/40_花琥珀.png,1672,941,landscape,True,bbe47f959b7bb3b00816eef9056777a530e135342130f5832d120dc030fe730a,1760677,OK
40,花琥珀,未成曲调,poster,posters/batch_04/40_花琥珀.png,1086,1448,portrait,True,d7e253053c2a903afb395e32bb3df0b3a1af8ec4a4cc223f9bf4227008f6899c,2115771,OK
41,偶感其一,微言小谈,background,backgrounds/batch_05/41_偶感其一.png,1672,941,landscape,True,11afc32ebf653cab2dad028bb4c02b7f74167e4c8e8945a58ca348e51f506eee,2310614,OK
41,偶感其一,微言小谈,poster,posters/batch_05/41_偶感其一.png,1122,1402,portrait,True,bf34086e623593a166171f2f957a3dca61b6c4f1cf53170596da9f9b808bf809,2305518,OK
42,偶感其二,微言小谈,background,backgrounds/batch_05/42_偶感其二.png,1672,941,landscape,True,e5ef4353fc0b208697f2d128e67b4fc5e185d0b827c0a75ecc7bcb12861cd12b,2339551,OK
42,偶感其二,微言小谈,poster,posters/batch_05/42_偶感其二.png,1122,1402,portrait,True,fc94711d7cf132922daf35845bf87c7e1d35e9a38b92fc28a94e2dde68d973ce,2145258,OK
43,元宵,微言小谈,background,backgrounds/batch_05/43_元宵.png,1672,941,landscape,True,e756d12656e40f6abebc77204b98c036089045b5e07c9fd7d41c64e35ad354dd,2220643,OK
43,元宵,微言小谈,poster,posters/batch_05/43_元宵.png,1122,1402,portrait,True,34beb045dcd3507a1f91fbf10490aee3ae972fd9fd4fe5ebd8985e9ec726beb0,2540642,OK
44,兰陵王·戏说戏讽,微言小谈,background,backgrounds/batch_05/44_兰陵王·戏说戏讽.png,1672,941,landscape,True,0f2be21984ff4bb24b011b4325a9ff68d1af6ba7ce523427e203c12415c3dab0,2157077,OK
44,兰陵王·戏说戏讽,微言小谈,poster,posters/batch_05/44_兰陵王·戏说戏讽.png,753,941,portrait,True,9124157d502f6ea69e83dd1355cf8c078283f19f4e6a943b76caadcbad315f6e,940516,OK
45,冬时还秋,微言小谈,background,backgrounds/batch_05/45_冬时还秋.png,1672,941,landscape,True,5c1def49463d8baeac33ef09a17ddbafcfe54fea938685f480d9ac3b3f1ca0b3,2400372,OK
45,冬时还秋,微言小谈,poster,posters/batch_05/45_冬时还秋.png,1122,1402,portrait,True,56ea49fd96125e4ed841cb57eafdf9ab03c98882853e0bc56e1d0c7c3f049f00,2830831,OK
46,何以西东,未成曲调,background,backgrounds/batch_05/46_何以西东.png,1672,941,landscape,True,84b57b5543241fbe60befa082947803b95081852b8e200691378c35eb346d586,2171672,OK
46,何以西东,未成曲调,poster,posters/batch_05/46_何以西东.png,1122,1402,portrait,True,5945d1c62cff18984c5adf0688df2be9ce01c6e49bd43d821addf99ab19bb637,2137845,OK
47,你我不说,未成曲调,background,backgrounds/batch_05/47_你我不说.png,1672,941,landscape,True,edf11513797f4cb52b8b47bff6c7d98e4be755de90d106eca9e5b53e87540840,1941739,OK
47,你我不说,未成曲调,poster,posters/batch_05/47_你我不说.png,1122,1402,portrait,True,fcaaac63830a37003b1f29fca4d88c823fa265536f21907b5b3fa140ea2bdf3e,2318041,OK
48,刻舟求剑,未成曲调,background,backgrounds/batch_05/48_刻舟求剑.png,1672,941,landscape,True,3d33f447693a8e81b8ef924578ee62d8a9d881019fa2272427206dd8d754d927,2212886,OK
48,刻舟求剑,未成曲调,poster,posters/batch_05/48_刻舟求剑.png,1122,1402,portrait,True,32d56751f3f88e50966674d7cd508e9f0ce5d0c3ad2d65c718852c4762542c27,2048346,OK
49,十七十五,未成曲调,background,backgrounds/batch_05/49_十七十五.png,1672,941,landscape,True,5e9e2d0c207d0f435bf9cb3d8544963969db1e960f789d318b74be48b54b277f,2232091,OK
49,十七十五,未成曲调,poster,posters/batch_05/49_十七十五.png,1122,1402,portrait,True,30aab1cfbef1c3e7684579b3753e6440d11adf130e4fe9af302b4b241d3e61c4,2146075,OK
50,千杯,未成曲调,background,backgrounds/batch_05/50_千杯.png,1672,941,landscape,True,ee18bd4eecadf65e866f0943233e8e31e969ad92168bab2c10811c5fb9017541,1863240,OK
50,千杯,未成曲调,poster,posters/batch_05/50_千杯.png,1122,1402,portrait,True,d3c40011b73a184526b2a2bb0c22b8dea814b5c47086a9f4e0677e4b274adc1c,2025187,OK
51,南乡子·讽人,微言小谈,background,backgrounds/batch_06/51_南乡子·讽人.png,1672,941,landscape,True,759dc131d31aeaffae8602277587a9eef246e960ebe818fed669a18ec7ff6665,1985553,OK
51,南乡子·讽人,微言小谈,poster,posters/batch_06/51_南乡子·讽人.png,1086,1448,portrait,True,fa815e2cadea5694a399e8bcb65f61ed7fbc85d76907412a3326faf1c839bcfc,2241421,OK
52,子夜歌·微言,微言小谈,background,backgrounds/batch_06/52_子夜歌·微言.png,1672,941,landscape,True,da7664b48d3a9550d4fe4f38679c41e6a03e4691e5f5e914b7b037c968a402c4,2275231,OK
52,子夜歌·微言,微言小谈,poster,posters/batch_06/52_子夜歌·微言.png,1086,1448,portrait,True,e8b2e412a0089de0a3cf9b825429ada031f8a9f9d1d19185cfa7a58c79b36e34,2430061,OK
53,微言小谈,微言小谈,background,backgrounds/batch_06/53_微言小谈.png,1672,941,landscape,True,34a5fcf454140d839331cc292c7f6243a9904b16d3f10ca37e370b67f3a73da8,2782016,OK
53,微言小谈,微言小谈,poster,posters/batch_06/53_微言小谈.png,1086,1448,portrait,True,ffd20850fbd5e164857947a56090772b53e08eb201032dafd3660c3e9e9dd358,2619168,OK
54,暮尽辉·夏夜悲父,微言小谈,background,backgrounds/batch_06/54_暮尽辉·夏夜悲父.png,1672,941,landscape,True,0469c2dce4869decbb1cc24b1adf6f8f4b3c047c12c60e6fcf8c007c2b2e1ee8,2148490,OK
54,暮尽辉·夏夜悲父,微言小谈,poster,posters/batch_06/54_暮尽辉·夏夜悲父.png,1086,1448,portrait,True,48bcea4019b04f6ca92c61a0ab122b7d394b22593b000a5e4649c45bfaa58e6b,2149047,OK
55,望山引,微言小谈,background,backgrounds/batch_06/55_望山引.png,1672,941,landscape,True,9b089e76c9ed3dc0edd52a8b5f510117b72fd0008acf9586e49e6b1f989558a4,2371938,OK
55,望山引,微言小谈,poster,posters/batch_06/55_望山引.png,1086,1448,portrait,True,5025b106f6b096fefa27f7af8326aa3372b38afe83a0286524e74e1d07178a1f,2383435,OK
56,因果,未成曲调,background,backgrounds/batch_06/56_因果.png,1672,941,landscape,True,29d58febb45d996f0098816dd97c169772856217ef9e70f5422c50e1d77070be,1959585,OK
56,因果,未成曲调,poster,posters/batch_06/56_因果.png,1086,1448,portrait,True,9a98d52eb4e46a8211e8aa679cd8725d06168139d42d8ba8987d65304ce54e22,2213918,OK
57,天与海,未成曲调,background,backgrounds/batch_06/57_天与海.png,1672,941,landscape,True,988ca1465587347a6f053510041a050afc429c6e8c75a63ecad3db8eb6359811,2104000,OK
57,天与海,未成曲调,poster,posters/batch_06/57_天与海.png,1086,1448,portrait,True,33c95693ab2053b73b6e576aac6fa0106ef0dd5f51401a96b4b52c3147431358,2379788,OK
58,婚礼,未成曲调,background,backgrounds/batch_06/58_婚礼.png,1672,941,landscape,True,a0e82fbc0967f787f553b2048d0eea989a083436c8d8117b193863019e7687f1,2000992,OK
58,婚礼,未成曲调,poster,posters/batch_06/58_婚礼.png,1086,1448,portrait,True,2720a8159d25c713e0fc40abd4178ca38af288089d72bf2405b4f2cdfb6b41c9,2030789,OK
59,家族,未成曲调,background,backgrounds/batch_06/59_家族.png,1672,941,landscape,True,27a742ddca155265831522f7e02b73325c4092e63e39e1136962f815fa3a1c2c,2146472,OK
59,家族,未成曲调,poster,posters/batch_06/59_家族.png,1086,1448,portrait,True,94b93119ed5a78b80ab39a455198dc8eb57b689e68b0bd5e8e932fd2a7724655,2177422,OK
60,幻灭,未成曲调,background,backgrounds/batch_06/60_幻灭.png,1672,941,landscape,True,17c72ae6fa1c9632a5582c67f59f82646053c69196c38a6e242842b418b55702,2227530,OK
60,幻灭,未成曲调,poster,posters/batch_06/60_幻灭.png,1086,1448,portrait,True,e4284604768b803087f06c157750e11b5ef113bd2123c65535aa9e8b20df62f1,2440463,OK
61,无题（同作）,微言小谈,background,backgrounds/batch_07/61_无题（同作）.png,1672,941,landscape,True,50e7ebbc1e82bd2d4d0d3b3edc1a875338766b1852f566a0c01be48f633a1e9f,1973420,OK
61,无题（同作）,微言小谈,poster,posters/batch_07/61_无题（同作）.png,1122,1402,portrait,True,6145f63352b906f8c9cf54e95310e1ee98d1c8070c84e80ac5235515ccdd9a4b,2452421,OK
62,浪淘沙·微言,微言小谈,background,backgrounds/batch_07/62_浪淘沙·微言.png,1672,941,landscape,True,6041248618244671c18867e0bbb283ec28213b53491f12b14b72b7ba139f34de,2189317,OK
62,浪淘沙·微言,微言小谈,poster,posters/batch_07/62_浪淘沙·微言.png,1122,1402,portrait,True,4f85e83a1d55eed2ea44d46ea931fcbbae49c1eb3ad5678bb3a885a5ad678785,2299120,OK
63,瑞鹤仙·贺寿,微言小谈,background,backgrounds/batch_07/63_瑞鹤仙·贺寿.png,1672,941,landscape,True,232bdb4490e691ec907272d8ed082a02289c3c1dd478cf13dcca0626b117453c,2227437,OK
63,瑞鹤仙·贺寿,微言小谈,poster,posters/batch_07/63_瑞鹤仙·贺寿.png,1122,1402,portrait,True,2389bd6c7bcb99721895aff74bb7e275d539f59b558c02c84fccd6a96131fd44,2629436,OK
64,相见欢·微言,微言小谈,background,backgrounds/batch_07/64_相见欢·微言.png,1672,941,landscape,True,f044060e856ca936827b92d3fd10054af3341ea3f454700b8226343526a7358f,1662071,OK
64,相见欢·微言,微言小谈,poster,posters/batch_07/64_相见欢·微言.png,1122,1402,portrait,True,33d2d4247caaca0807ef48992edbbc07ebf9085294a1e22976182a5f1fbae318,1774345,OK
65,祝流年,微言小谈,background,backgrounds/batch_07/65_祝流年.png,1672,941,landscape,True,55a1bdc87c71722565cbb7132ddf550fafe9e097b993537ed0932e5b5e36ab35,1993220,OK
65,祝流年,微言小谈,poster,posters/batch_07/65_祝流年.png,1122,1402,portrait,True,acd1de79edb6d990c17d546960d1fab6d119150182364bd6177458eff93f1b9f,2576788,OK
66,怨央,未成曲调,background,backgrounds/batch_07/66_怨央.png,1672,941,landscape,True,8e7c002de724c7954265f72ee226641e1543bba6f9f0ce877cbd69c6873702d4,2019060,OK
66,怨央,未成曲调,poster,posters/batch_07/66_怨央.png,1122,1402,portrait,True,b4918ba496533c15e1e7e9049797e78334c38c03c104f6a1af579fe83b18766d,2281768,OK
67,恍烟煌艳,未成曲调,background,backgrounds/batch_07/67_恍烟煌艳.png,1672,941,landscape,True,833d0176376c07ff799e3e072fba3647c72b15bf7ebc52b483d3bd1a2f7cc78a,2411108,OK
67,恍烟煌艳,未成曲调,poster,posters/batch_07/67_恍烟煌艳.png,1122,1402,portrait,True,6b767f9b15df49eaed9fd842f7af82fd0344ea79995ca8ff9f8e6a4d1105d4fe,2687352,OK
68,悔否,未成曲调,background,backgrounds/batch_07/68_悔否.png,1672,941,landscape,True,1131b7e3f3b51f261ee0502ac4e6b7758a3f1542de77f8574d3b20a126afe0e1,1936314,OK
68,悔否,未成曲调,poster,posters/batch_07/68_悔否.png,1122,1402,portrait,True,250bc8628337449c06ba744ae7fd994630d1a17336f87cb9b432999b055fbcc7,2588868,OK
69,我是黑,未成曲调,background,backgrounds/batch_07/69_我是黑.png,1672,941,landscape,True,cac4cdec55b0ebd8e97ed2e78985348545d6488a0cec5ef3ec54ff7c004499ec,1754044,OK
69,我是黑,未成曲调,poster,posters/batch_07/69_我是黑.png,1122,1402,portrait,True,1a1f259844a1b255048566c6a653969729dea9f24d87ef14a0542663262e5a8b,1936445,OK
70,波纹,未成曲调,background,backgrounds/batch_07/70_波纹.png,1672,941,landscape,True,106fc36aad80b1502e8c84f57108e9707c81098afd380b8314e5ffaa3d0375b2,2128645,OK
70,波纹,未成曲调,poster,posters/batch_07/70_波纹.png,1122,1402,portrait,True,d64b10dd17ba29291d88da00e9be7a215c71b1ea08eb259adeab1c9017a9f46a,2133741,OK
71,腊月十六午间有感,微言小谈,background,backgrounds/batch_08/71_腊月十六午间有感.png,1672,941,landscape,True,60dc129aae083e5f0400e5387b69b04ab24e7535e711ab21f91ab2de720aa053,2081075,OK
71,腊月十六午间有感,微言小谈,poster,posters/batch_08/71_腊月十六午间有感.png,1122,1402,portrait,True,0c916ef1efa2565ebc81c6f2353cdde77b391f8c52d3ae28d93d308eb3688ec2,2550402,OK
72,贺新郎·春瘦,微言小谈,background,backgrounds/batch_08/72_贺新郎·春瘦.png,1672,941,landscape,True,cc85f2887f685bdcf190cd288207689d2ea47e6ebd3721ce097d3de00eab2d01,2010721,OK
72,贺新郎·春瘦,微言小谈,poster,posters/batch_08/72_贺新郎·春瘦.png,1122,1402,portrait,True,a2958fc94e9ab41b6be7d851ed26d54a34ebdad36173a49b464e0c95a1066a68,2255518,OK
73,采桑子·微言,微言小谈,background,backgrounds/batch_08/73_采桑子·微言.png,1672,941,landscape,True,e9944233cb559e1761ce84d45b22a5801fac2af39b049223c9307cb1e9444a85,2200814,OK
73,采桑子·微言,微言小谈,poster,posters/batch_08/73_采桑子·微言.png,1122,1402,portrait,True,6fa5fdfbacace2d16ff255cb5ec00d2c7051c6736c28d80d448a9b77814f4e5d,2494512,OK
74,重游,微言小谈,background,backgrounds/batch_08/74_重游.png,1672,941,landscape,True,bbdc26f39fa038da09869d0fb01ac4d52de6401d076f4b906952be7b9296644e,2538946,OK
74,重游,微言小谈,poster,posters/batch_08/74_重游.png,1122,1402,portrait,True,b7d830fbae01ee55c731caef786d1e415f64f14f7334215f202a710ce9f5520f,2674842,OK
75,野尽,微言小谈,background,backgrounds/batch_08/75_野尽.png,1672,941,landscape,True,200f7af496255020de1c7c3dc31e3db3be707bc44de990e54a2df02baebacd9f,2156576,OK
75,野尽,微言小谈,poster,posters/batch_08/75_野尽.png,1122,1402,portrait,True,7a846d1a2479cecac762e2bcb9f4eb889ccb6b18f8589f350f823473f24d3e0f,2052045,OK
76,阮郎归·微言,微言小谈,background,backgrounds/batch_08/76_阮郎归·微言.png,1672,941,landscape,True,3f5146c12c9f11390d86454d54671d922b63a81b5395acc6e1927dcb510ee63d,2355630,OK
76,阮郎归·微言,微言小谈,poster,posters/batch_08/76_阮郎归·微言.png,1122,1402,portrait,True,24a1c57dc7afe3845d1457de55be6c5d83a18cb9723c4c5be5e14babbc9963a9,2252797,OK
77,除夕,微言小谈,background,backgrounds/batch_08/77_除夕.png,1672,941,landscape,True,49e4e5950dd8e4ed9e9280b996376a549dc14158b1482671490e888f8423abb1,2350740,OK
77,除夕,微言小谈,poster,posters/batch_08/77_除夕.png,1122,1402,portrait,True,7e3167b6e352095394bf3ae6c00a67dec4fa7158c9296b2d62cdbb04403cd840,2714628,OK
78,鹧鸪天·花醉,微言小谈,background,backgrounds/batch_08/78_鹧鸪天·花醉.png,1672,941,landscape,True,82d9f5d4098a98fadeb60fa6f2723ec82e09d7b6a20e159abd5e405b276210dd,2230848,OK
78,鹧鸪天·花醉,微言小谈,poster,posters/batch_08/78_鹧鸪天·花醉.png,1122,1402,portrait,True,ca1a3d3d76656ba95ab494dd80d1d4680088420fd4b99ee45bf1e2f6c3a006b5,2493561,OK
79,是谁,未成曲调,background,backgrounds/batch_08/79_是谁.png,1672,941,landscape,True,7c0d6017380d3b65ad119df0eab2e6f8debef11db1650bb135fa59c473dbde8a,2028013,OK
79,是谁,未成曲调,poster,posters/batch_08/79_是谁.png,1122,1402,portrait,True,22bad1a9d8db8248431dd5795b5173d4d306bc1bd6e3ba01a7ec231936614cf9,2386799,OK
80,梦一场,未成曲调,background,backgrounds/batch_08/80_梦一场.png,1672,941,landscape,True,22847c307a3813cdf729a115a28dcf1b35e33d5426b5651da1d4f22d988a8b9d,2170283,OK
80,梦一场,未成曲调,poster,posters/batch_08/80_梦一场.png,1122,1402,portrait,True,f2d05554596f065e732e61d7e8d1ae6642e6a617aadb0a51d0ec11b64314edac,2337345,OK
81,爱与不被爱,未成曲调,background,backgrounds/batch_09/81_爱与不被爱.png,1672,941,landscape,True,5795f638a2c3b3a07ae90c774f4fe0a9d57d7ae9518aceed0d69611bc0c052ce,1992815,OK
81,爱与不被爱,未成曲调,poster,posters/batch_09/81_爱与不被爱.png,1122,1402,portrait,True,1068f154077cf171fa5c06663d2f15c609bcc38017b5d6f802d136215183f01d,2129787,OK
82,狂想曲,未成曲调,background,backgrounds/batch_09/82_狂想曲.png,1672,941,landscape,True,c0250f5b86297fcaad66292cc367b5bab8692ef40b08a0069d9c12a04be4c667,2381392,OK
82,狂想曲,未成曲调,poster,posters/batch_09/82_狂想曲.png,1122,1402,portrait,True,ae270c37b77c694e9c255b1fb4945fb45d1276b87d4c52f86a74502ace2dad85,2680790,OK
83,环锁赌徒,未成曲调,background,backgrounds/batch_09/83_环锁赌徒.png,1672,941,landscape,True,c97f29024dbe87a9328960cdfb6bb1ab18ee2fe9b6dde7227a94eb3e4a70860e,1737831,OK
83,环锁赌徒,未成曲调,poster,posters/batch_09/83_环锁赌徒.png,1122,1402,portrait,True,f8f245acda5d2e5fe7f5859bf3194f689751927f2feab4291b26f177d77766f1,1873734,OK
84,瓜熟蒂落,未成曲调,background,backgrounds/batch_09/84_瓜熟蒂落.png,1672,941,landscape,True,d37fadd906e7a569eac834b553688ba92283d5f8449bffb4b99e020cc9e49833,1939095,OK
84,瓜熟蒂落,未成曲调,poster,posters/batch_09/84_瓜熟蒂落.png,1122,1402,portrait,True,5cc73ea62927cddf94c6de99b74fa9e5f502d51e3a96c12374e66129c6af648b,2077188,OK
85,画,未成曲调,background,backgrounds/batch_09/85_画.png,1672,941,landscape,True,f50003aeffc88f5553cbb0244623ca67a22329d4c70dcb24a2af26601152b34f,2620177,OK
85,画,未成曲调,poster,posters/batch_09/85_画.png,1122,1402,portrait,True,847420022fb29c427dc42a670578b2e2537a0add1239af29830f4574541b8aed,2606993,OK
86,白马,未成曲调,background,backgrounds/batch_09/86_白马.png,1672,941,landscape,True,f2ff24f92a73d5c85551f5df5122b17b7bb58ac078070ba54cdd728933733eaa,2269927,OK
86,白马,未成曲调,poster,posters/batch_09/86_白马.png,1122,1402,portrait,True,9de33c9dbec85b4ace461322bd4557c6acdde4ff82f4997fd6680564a4a64e3a,2469034,OK
87,神话,未成曲调,background,backgrounds/batch_09/87_神话.png,1672,941,landscape,True,390405835b5769d3f818a434d55445e576d32c5b5645105aee8cb5ab796a0e77,2433996,OK
87,神话,未成曲调,poster,posters/batch_09/87_神话.png,1122,1402,portrait,True,72cc0e265554c71db8a66575f5bb83e14b9ff752fe822d82081e5b361c83113a,2742939,OK
88,等待,未成曲调,background,backgrounds/batch_09/88_等待.png,1672,941,landscape,True,955b94b84848753be30aad1c6250654daac2c862d3166a78c731f49958e43b31,2339169,OK
88,等待,未成曲调,poster,posters/batch_09/88_等待.png,1122,1402,portrait,True,a07f9a0cbe31fc4bda2bd42d381211b9693a0390cdc7594e8f0f5a282d333a00,2396320,OK
89,精神胜利法,未成曲调,background,backgrounds/batch_09/89_精神胜利法.png,1672,941,landscape,True,faa5f8392846983874fccc0a405210cbb46084325b4b8d8cb9514e08bdaca234,2241596,OK
89,精神胜利法,未成曲调,poster,posters/batch_09/89_精神胜利法.png,1122,1402,portrait,True,4234c5cda0dfe2292b80f28a7b7db62daa1e6cf67ed7b042e157bc86d0a22077,2333706,OK
90,肩上的世界,未成曲调,background,backgrounds/batch_09/90_肩上的世界.png,1672,941,landscape,True,b632c48b011fc3291e921b852b92cbb9de1d2b162a674f973dbf329575286e1b,2591903,OK
90,肩上的世界,未成曲调,poster,posters/batch_09/90_肩上的世界.png,1122,1402,portrait,True,51f1e76c0df1cf39a8fd4ae36937eb886e30a6d011955f6d75afeb72d5fdb255,2777177,OK
91,那时,未成曲调,background,backgrounds/batch_10/91_那时.png,1672,941,landscape,True,22b2213e0ad60ef64c9f121d9a57dfce4bfe72c736797445d6ca62c0d61236aa,2047289,OK
91,那时,未成曲调,poster,posters/batch_10/91_那时.png,1122,1402,portrait,True,1976b3efcf36e6cf86fca34255603f30847d77fd6964653b7232ea27c010a7f1,2079685,OK
92,镇魔,未成曲调,background,backgrounds/batch_10/92_镇魔.png,1672,941,landscape,True,f4a007841db4fac0aee0896be5002c95693dbe842b1056a4522a7a19c22e5d5c,1907231,OK
92,镇魔,未成曲调,poster,posters/batch_10/92_镇魔.png,1122,1402,portrait,True,91291b70b517a9212c9549c57ae9e8ad7211d8b22bf9ac9d16d17c704c33e7a5,2454417,OK
93,见,未成曲调,background,backgrounds/batch_10/93_见.png,1672,941,landscape,True,eb88363aff393627bec0f3edcc72eca275f3bd92b3c65d27301aa180d221b34e,2355753,OK
93,见,未成曲调,poster,posters/batch_10/93_见.png,1122,1402,portrait,True,6764bd0a7c6b72583f11f4aa9c37f24911d329f61313155493136369c8ebd9a8,2032070,OK
94,被害妄想症,未成曲调,background,backgrounds/batch_10/94_被害妄想症.png,1672,941,landscape,True,91aa2265ee8a5ab3d4e358521bfc84e0b639db3466644ee3fc57ffea5ded0825,1705642,OK
94,被害妄想症,未成曲调,poster,posters/batch_10/94_被害妄想症.png,1122,1402,portrait,True,512f60f52086bfd5ff1d19981496d5b695572d8686615593898ec48f71dbe594,2110013,OK
95,藏垢,未成曲调,background,backgrounds/batch_10/95_藏垢.png,1672,941,landscape,True,5528e890415d36e835b5453512cc17cafe113eb77b4344d5fe85fa0a262d745b,2264224,OK
95,藏垢,未成曲调,poster,posters/batch_10/95_藏垢.png,1122,1402,portrait,True,ba52de7fa60bbbfe7502a1360d70e090cc8cacb05706857ff96b15adc02b1fdb,2480253,OK
96,行,未成曲调,background,backgrounds/batch_10/96_行.png,1672,941,landscape,True,55459d5c7ca8fa5235ea39685d2620f0b6cf4a32544bf5619ba6d73722471828,1988774,OK
96,行,未成曲调,poster,posters/batch_10/96_行.png,1122,1402,portrait,True,ee8c22d64753496b505da558e5cd96c796f9a19c1c1967b20527b59784258d60,2566561,OK
97,野兽,未成曲调,background,backgrounds/batch_10/97_野兽.png,1672,941,landscape,True,603abb41c2eea306f57778c1e19abe919d6782e756c2a1d1e1c5e6b061d05139,2097365,OK
97,野兽,未成曲调,poster,posters/batch_10/97_野兽.png,1122,1402,portrait,True,cd9d5e4b5a0b9148a91e564733dd3dc863ac1f4c32fcefa09ab90a328c38c8f0,2532681,OK
